{"latent_dim": 512, "beta": 0.03328304389641459, "lr": 0.00035755255383711356, "batch_size": 16}