{"latent_dim": 128, "beta": 0.009142923846897383, "lr": 0.0011957999508713615, "batch_size": 16}